Encrypt weights (ms), Encrypt input vector (ms), Prediction (ms)
3011.000000, 76.000000, 263484.000000, 
3113.000000, 75.000000, 262782.000000, 
