Encrypt weights (ms), Encrypt input vector (ms), Prediction (ms)
2253.000000, 75.000000, 195352.000000, 
2621.000000, 122.000000, 204133.000000, 
