Encrypt weights (ms), Encrypt input vector (ms), Prediction (ms)
2214.000000, 64.000000, 183455.000000, 
2076.000000, 56.000000, 186584.000000, 
