Encrypt weights (ms), Encrypt input vector (ms), Prediction (ms)
2112.000000, 62.000000, 202313.000000, 
2064.000000, 62.000000, 177986.000000, 
