Encrypt weights (ms), Encrypt input vector (ms), Prediction (ms)
2214.000000, 66.000000, 180870.000000, 
2096.000000, 65.000000, 191872.000000, 
