Encrypt weights (ms), Encrypt input vector (ms), Prediction (ms)
2470.000000, 76.000000, 286967.000000, 
2975.000000, 83.000000, 275996.000000, 
